motorcycle_id,engine_displacement_cc,engine_power_hp,weight_kg,price_cop,fuel_consumption_kmpl,max_speed_kmph
MC0001,336.0,47.6,157.1,17749000.0,28.2,126.0
MC0002,199.0,27.3,146.2,12645000.0,32.6,121.0
MC0003,772.0,97.2,300.6,51597000.0,12.3,155.0
MC0004,110.0,18.8,104.4,5808000.0,41.9,77.0
MC0005,286.0,38.2,162.4,15702000.0,29.8,120.0
MC0006,1049.0,135.4,333.0,62984000.0,12.7,169.0
MC0007,90.0,13.8,104.9,5514000.0,43.1,75.0
MC0008,726.0,122.1,194.7,45664000.0,16.7,180.0
MC0009,748.0,126.3,203.6,49232000.0,15.7,172.0
MC0010,108.0,17.7,107.3,5536000.0,44.3,76.0
MC0011,700.0,92.9,294.3,51148000.0,14.4,158.0
MC0012,119.0,19.2,103.5,6476000.0,42.7,82.0
MC0013,90.0,12.4,107.8,5363000.0,43.1,74.0
MC0014,90.0,15.8,107.6,5499000.0,42.8,79.0
MC0015,300.0,37.9,157.8,16470000.0,28.1,128.0
MC0016,400.0,73.6,172.3,37968000.0,18.6,171.0
MC0017,582.0,76.3,280.2,50454000.0,16.1,147.0
MC0018,236.0,35.2,150.1,13452000.0,30.2,121.0
MC0019,336.0,45.7,157.7,16944000.0,25.7,133.0
MC0020,91.0,16.5,104.9,5685000.0,42.6,71.0
MC0021,218.0,30.1,144.1,13651000.0,29.3,122.0
MC0022,694.0,114.3,188.5,44614000.0,14.5,175.0
MC0023,364.0,48.5,166.7,17361000.0,28.4,128.0
MC0024,747.0,98.0,292.9,55858000.0,14.5,154.0
MC0025,397.0,50.7,166.1,18459000.0,27.9,128.0
MC0026,105.0,18.4,106.1,6094000.0,43.0,71.0
MC0027,802.0,102.5,304.5,58696000.0,13.6,158.0
MC0028,579.0,76.2,276.5,49825000.0,14.0,150.0
MC0029,710.0,120.8,191.2,48319000.0,14.6,185.0
MC0030,90.0,17.7,99.6,5595000.0,43.1,76.0
MC0031,90.0,15.3,108.7,5608000.0,45.1,77.0
MC0032,90.0,15.4,106.0,5349000.0,42.7,76.0
MC0033,884.0,149.6,214.5,50904000.0,13.3,190.0
MC0034,802.0,135.0,209.0,51417000.0,16.1,186.0
MC0035,134.0,18.2,109.3,6004000.0,42.2,79.0
MC0036,872.0,108.3,315.6,58246000.0,13.3,161.0
MC0037,596.0,105.1,197.5,44099000.0,16.0,178.0
MC0038,750.0,125.8,191.9,47668000.0,14.0,183.0
MC0039,93.0,17.7,102.8,6331000.0,45.0,75.0
MC0040,123.0,18.7,109.1,5661000.0,43.2,80.0
MC0041,259.0,37.7,152.5,16303000.0,30.0,128.0
MC0042,104.0,16.9,108.1,6018000.0,42.0,72.0
MC0043,654.0,112.2,192.9,45710000.0,16.5,180.0
MC0044,345.0,45.0,159.8,16890000.0,29.2,126.0
MC0045,539.0,74.2,269.5,50047000.0,16.1,151.0
MC0046,650.0,85.1,284.5,49685000.0,14.6,153.0
MC0047,106.0,16.8,114.2,6263000.0,43.1,75.0
MC0048,431.0,53.8,173.8,18656000.0,28.0,136.0
MC0049,270.0,36.5,155.6,14779000.0,29.9,125.0
MC0050,97.0,15.9,101.9,5596000.0,43.1,77.0
MC0051,308.0,39.1,157.5,16271000.0,28.3,126.0
MC0052,364.0,50.1,164.3,17964000.0,28.0,129.0
MC0053,111.0,16.9,107.4,5977000.0,42.2,75.0
MC0054,250.0,34.5,157.8,15126000.0,31.3,125.0
MC0055,90.0,17.2,99.6,5276000.0,42.7,77.0
MC0056,695.0,118.8,203.0,46062000.0,15.3,176.0
MC0057,304.0,40.9,154.3,16036000.0,28.7,131.0
MC0058,763.0,100.6,299.1,52204000.0,15.0,155.0
MC0059,964.0,124.9,331.7,62848000.0,12.3,162.0
MC0060,733.0,95.2,295.7,54062000.0,14.8,156.0
MC0061,90.0,16.7,102.4,5552000.0,41.6,76.0
MC0062,112.0,17.1,110.9,5859000.0,41.6,76.0
MC0063,965.0,124.7,337.1,58820000.0,12.7,159.0
MC0064,105.0,18.0,101.6,5686000.0,42.5,68.0
MC0065,847.0,145.0,215.3,55240000.0,12.4,180.0
MC0066,108.0,17.6,107.3,5432000.0,40.4,78.0
MC0067,96.0,14.4,102.4,5349000.0,43.3,77.0
MC0068,961.0,121.9,321.8,59287000.0,12.9,172.0
MC0069,313.0,42.2,154.4,17632000.0,30.4,128.0
MC0070,587.0,103.7,191.8,44184000.0,16.1,165.0
MC0071,90.0,15.8,106.8,5086000.0,43.0,76.0
MC0072,1011.0,171.4,220.1,59669000.0,11.3,193.0
MC0073,868.0,144.1,205.5,54925000.0,13.6,189.0
MC0074,705.0,121.0,209.0,46177000.0,15.5,182.0
MC0075,387.0,49.9,163.7,19113000.0,29.4,132.0
MC0076,723.0,122.9,204.0,50695000.0,15.8,180.0
MC0077,98.0,15.9,102.2,4853000.0,42.7,75.0
MC0078,90.0,14.5,107.8,5431000.0,43.0,72.0
MC0079,846.0,109.1,308.9,56974000.0,13.5,161.0
MC0080,282.0,38.9,156.0,16134000.0,28.9,124.0
MC0081,116.0,19.2,109.3,5901000.0,42.7,73.0
MC0082,993.0,124.2,333.2,61958000.0,13.2,167.0
MC0083,300.0,41.1,163.5,16177000.0,29.8,128.0
MC0084,360.0,48.1,160.8,18830000.0,28.1,126.0
MC0085,97.0,16.9,101.1,5489000.0,43.1,78.0
MC0086,685.0,116.4,197.3,45096000.0,15.9,187.0
MC0087,324.0,43.2,158.4,15881000.0,26.4,124.0
MC0088,334.0,43.8,156.8,17615000.0,30.6,125.0
MC0089,810.0,137.8,200.8,52131000.0,12.4,191.0
MC0090,827.0,105.4,317.1,56488000.0,14.1,159.0
MC0091,1029.0,131.9,337.9,59060000.0,12.7,169.0
MC0092,95.0,17.9,111.3,5155000.0,42.6,74.0
MC0093,731.0,126.9,204.3,47369000.0,15.7,181.0
MC0094,90.0,14.6,103.9,5633000.0,41.3,77.0
MC0095,117.0,18.7,107.6,5732000.0,40.2,79.0
MC0096,259.0,39.2,159.5,15073000.0,29.4,125.0
MC0097,348.0,46.3,162.5,17662000.0,30.2,124.0
MC0098,274.0,38.9,150.1,15239000.0,30.3,122.0
MC0099,90.0,15.5,104.6,5206000.0,43.3,78.0
MC0100,107.0,16.5,104.1,5935000.0,42.3,76.0
MC0101,321.0,44.4,155.2,16505000.0,28.7,126.0
MC0102,282.0,37.2,152.8,15566000.0,32.2,129.0
MC0103,90.0,16.2,102.7,5125000.0,43.5,75.0
MC0104,277.0,39.1,162.4,15121000.0,29.2,123.0
MC0105,932.0,158.3,220.4,55189000.0,10.0,193.0
MC0106,117.0,19.1,106.8,5681000.0,43.2,75.0
MC0107,290.0,39.5,160.1,15955000.0,28.6,122.0
MC0108,289.0,40.5,160.7,14934000.0,29.0,124.0
MC0109,772.0,127.3,200.5,53296000.0,14.0,184.0
MC0110,647.0,113.7,205.8,47560000.0,15.4,180.0
MC0111,1189.0,151.3,357.7,67491000.0,10.0,169.0
MC0112,894.0,150.5,207.7,55371000.0,11.9,192.0
MC0113,708.0,92.9,292.8,50757000.0,14.8,157.0
MC0114,215.0,34.6,150.7,14294000.0,30.6,123.0
MC0115,356.0,47.2,160.0,18113000.0,29.2,125.0
MC0116,342.0,46.1,157.8,16909000.0,29.4,125.0
MC0117,515.0,90.4,185.3,38958000.0,17.9,171.0
MC0118,275.0,37.4,147.3,15804000.0,29.4,122.0
MC0119,548.0,99.3,178.3,41716000.0,17.2,179.0
MC0120,621.0,84.7,283.2,48550000.0,14.0,145.0
MC0121,684.0,116.6,199.8,49752000.0,15.7,183.0
MC0122,742.0,127.4,210.0,51464000.0,14.1,183.0
MC0123,113.0,18.4,103.4,5664000.0,43.2,78.0
MC0124,929.0,118.6,322.9,63404000.0,13.7,161.0
MC0125,1066.0,135.9,338.7,64342000.0,11.1,173.0
MC0126,291.0,42.0,160.9,15778000.0,30.2,128.0
MC0127,340.0,45.8,157.8,18045000.0,29.4,125.0
MC0128,837.0,142.8,201.1,55283000.0,14.5,190.0
MC0129,290.0,41.8,151.3,15367000.0,29.2,126.0
MC0130,634.0,89.4,293.2,47755000.0,15.4,148.0
MC0131,269.0,38.0,150.9,17207000.0,31.2,128.0
MC0132,102.0,17.9,100.5,5847000.0,43.0,70.0
MC0133,345.0,45.0,161.4,18317000.0,30.6,126.0
MC0134,109.0,15.7,109.5,5865000.0,42.2,77.0
MC0135,309.0,43.5,161.0,16005000.0,27.0,122.0
MC0136,1004.0,170.3,219.3,59956000.0,13.9,199.0
MC0137,261.0,34.8,158.2,16515000.0,27.7,123.0
MC0138,312.0,43.8,156.2,16220000.0,30.4,130.0
MC0139,359.0,48.0,150.4,16570000.0,29.5,130.0
MC0140,98.0,15.6,113.3,5213000.0,43.7,80.0
MC0141,350.0,48.4,163.1,16961000.0,30.1,130.0
MC0142,657.0,115.1,195.0,44733000.0,14.8,174.0
MC0143,282.0,40.8,153.2,16625000.0,30.4,123.0
MC0144,233.0,32.7,154.0,15616000.0,31.4,125.0
MC0145,801.0,132.0,216.3,47107000.0,15.1,184.0
MC0146,99.0,14.8,108.0,5965000.0,43.2,74.0
MC0147,134.0,19.7,107.6,6095000.0,43.5,76.0
MC0148,1263.0,158.2,372.1,71996000.0,10.0,179.0
MC0149,789.0,104.0,312.4,57561000.0,13.5,155.0
MC0150,655.0,112.6,194.9,39185000.0,17.2,185.0
MC0151,91.0,12.8,107.1,5263000.0,43.0,76.0
MC0152,998.0,126.5,339.9,62380000.0,13.6,159.0
MC0153,93.0,15.0,107.1,5591000.0,42.8,78.0
MC0154,405.0,51.1,165.3,17361000.0,27.6,127.0
MC0155,917.0,115.9,319.7,57517000.0,13.7,164.0
MC0156,636.0,107.3,187.4,46454000.0,14.3,178.0
MC0157,759.0,132.7,203.4,47561000.0,15.8,184.0
MC0158,887.0,115.1,329.2,60804000.0,12.8,162.0
MC0159,815.0,108.9,304.2,54675000.0,11.6,158.0
MC0160,580.0,101.4,196.7,43883000.0,16.5,179.0
MC0161,935.0,157.8,221.5,55848000.0,12.7,194.0
MC0162,776.0,99.5,303.3,53319000.0,14.8,156.0
MC0163,108.0,18.8,109.9,5312000.0,40.9,79.0
MC0164,677.0,115.9,194.4,47681000.0,15.0,188.0
MC0165,115.0,19.1,108.7,5879000.0,44.5,77.0
MC0166,141.0,22.8,109.4,6332000.0,44.0,79.0
MC0167,997.0,169.0,219.2,59258000.0,11.3,196.0
MC0168,99.0,17.1,106.4,5379000.0,42.9,79.0
MC0169,277.0,38.6,156.2,16628000.0,29.0,123.0
MC0170,723.0,126.5,203.0,44933000.0,13.4,182.0
MC0171,603.0,101.8,189.3,44999000.0,14.6,172.0
MC0172,129.0,18.5,112.0,5969000.0,42.1,77.0
MC0173,103.0,17.5,97.6,5249000.0,43.2,73.0
MC0174,979.0,124.3,326.3,61175000.0,10.6,167.0
MC0175,922.0,118.3,323.9,60685000.0,13.0,162.0
MC0176,898.0,113.5,309.8,61341000.0,13.1,160.0
MC0177,275.0,39.0,149.5,15224000.0,32.0,120.0
MC0178,100.0,16.9,103.6,5205000.0,43.3,74.0
MC0179,342.0,44.1,160.9,17229000.0,27.8,126.0
MC0180,734.0,127.5,192.3,48621000.0,15.6,184.0
MC0181,296.0,42.8,154.9,16619000.0,29.7,124.0
MC0182,639.0,110.5,180.4,42181000.0,16.9,178.0
MC0183,130.0,18.9,108.7,5743000.0,43.3,80.0
MC0184,203.0,30.6,146.9,13714000.0,30.6,121.0
MC0185,281.0,38.6,155.0,15573000.0,30.2,121.0
MC0186,104.0,19.4,103.1,5891000.0,44.4,79.0
MC0187,602.0,81.8,285.4,49400000.0,14.2,153.0
MC0188,90.0,14.8,96.6,5389000.0,43.9,73.0
MC0189,369.0,49.5,159.0,18833000.0,28.6,129.0
MC0190,97.0,16.9,110.3,5566000.0,43.2,78.0
MC0191,238.0,35.8,149.7,14240000.0,30.3,125.0
MC0192,116.0,19.4,105.3,5749000.0,41.6,73.0
MC0193,617.0,107.0,189.1,42666000.0,15.6,174.0
MC0194,96.0,16.4,103.1,5702000.0,43.2,74.0
MC0195,110.0,19.8,106.7,6359000.0,42.9,79.0
MC0196,640.0,109.6,191.1,43252000.0,17.3,176.0
MC0197,180.0,26.2,147.5,14894000.0,30.2,124.0
MC0198,634.0,110.0,194.6,47082000.0,15.8,176.0
MC0199,111.0,17.0,109.4,5738000.0,43.2,78.0
MC0200,877.0,150.5,212.7,52150000.0,14.5,190.0
MC0201,656.0,111.3,197.4,45405000.0,14.6,174.0
MC0202,232.0,33.6,157.0,14882000.0,30.1,119.0
MC0203,90.0,15.8,104.2,5383000.0,43.1,81.0
MC0204,772.0,101.9,305.1,53370000.0,13.8,164.0
MC0205,336.0,44.1,154.6,16767000.0,29.9,122.0
MC0206,135.0,20.7,111.3,6328000.0,41.0,78.0
MC0207,898.0,115.1,322.1,59413000.0,13.6,160.0
MC0208,364.0,49.2,162.9,16320000.0,29.0,122.0
MC0209,429.0,50.0,175.6,18709000.0,28.5,133.0
MC0210,864.0,149.6,212.9,54315000.0,15.2,190.0
MC0211,675.0,116.7,195.5,42940000.0,14.2,176.0
MC0212,802.0,134.2,210.5,50080000.0,15.6,185.0
MC0213,879.0,150.0,216.9,52338000.0,12.8,200.0
MC0214,95.0,16.8,112.3,5256000.0,42.3,73.0
MC0215,90.0,14.8,98.8,5512000.0,44.6,76.0
MC0216,272.0,39.7,160.9,13903000.0,29.7,125.0
MC0217,90.0,15.2,101.4,6006000.0,42.4,74.0
MC0218,99.0,17.7,102.5,5603000.0,42.9,74.0
MC0219,754.0,127.7,202.7,45382000.0,14.4,182.0
MC0220,293.0,39.6,147.8,15891000.0,31.3,131.0
MC0221,307.0,39.6,158.6,16648000.0,28.0,125.0
MC0222,1237.0,155.3,357.4,72005000.0,10.0,175.0
MC0223,133.0,20.7,101.6,6000000.0,42.8,82.0
MC0224,955.0,123.4,318.9,57164000.0,11.0,165.0
MC0225,94.0,14.8,103.5,5411000.0,42.9,73.0
MC0226,191.0,26.7,143.9,13919000.0,31.5,122.0
MC0227,180.0,30.8,149.6,12357000.0,32.5,121.0
MC0228,93.0,17.5,102.1,5563000.0,44.6,78.0
MC0229,375.0,50.7,159.5,18573000.0,28.7,127.0
MC0230,94.0,16.5,104.0,5751000.0,43.6,77.0
MC0231,90.0,16.0,107.6,5365000.0,42.4,78.0
MC0232,90.0,18.4,105.5,5233000.0,43.4,75.0
MC0233,314.0,41.5,158.2,15234000.0,27.6,122.0
MC0234,779.0,134.0,204.4,51755000.0,13.4,185.0
MC0235,90.0,16.0,98.6,5512000.0,42.9,74.0
MC0236,1147.0,143.3,348.2,65858000.0,10.1,172.0
MC0237,118.0,19.8,101.0,5524000.0,42.6,74.0
MC0238,309.0,42.2,159.0,16740000.0,31.0,123.0
MC0239,314.0,42.2,158.8,16864000.0,30.0,126.0
MC0240,808.0,137.1,211.6,48390000.0,14.2,185.0
MC0241,691.0,90.9,293.4,53133000.0,15.3,155.0
MC0242,1207.0,150.3,354.2,68201000.0,11.5,169.0
MC0243,487.0,87.2,190.3,39591000.0,17.8,173.0
MC0244,90.0,16.7,102.8,5605000.0,43.2,79.0
MC0245,99.0,16.5,103.1,5552000.0,42.1,78.0
MC0246,656.0,113.4,185.0,44145000.0,16.6,180.0
MC0247,719.0,93.1,299.3,57741000.0,13.5,156.0
MC0248,341.0,47.7,154.2,17092000.0,30.1,130.0
MC0249,698.0,118.6,201.7,49297000.0,16.0,178.0
MC0250,527.0,91.3,185.5,43618000.0,17.8,174.0
MC0251,326.0,41.9,153.0,16249000.0,28.6,131.0
MC0252,797.0,104.8,306.4,54322000.0,15.6,157.0
MC0253,98.0,17.6,103.0,5492000.0,44.0,79.0
MC0254,116.0,16.1,105.6,5883000.0,43.7,76.0
MC0255,247.0,36.7,151.0,15771000.0,29.2,122.0
MC0256,180.0,26.7,147.5,13764000.0,30.8,117.0
MC0257,334.0,46.1,159.5,17116000.0,29.8,135.0
MC0258,99.0,16.9,108.1,5659000.0,42.5,79.0
MC0259,1300.0,167.1,365.1,67916000.0,10.4,174.0
MC0260,115.0,17.5,110.5,5789000.0,43.5,77.0
MC0261,90.0,14.7,99.5,5186000.0,44.3,75.0
MC0262,96.0,16.7,109.3,5732000.0,42.2,77.0
MC0263,778.0,131.8,201.2,50766000.0,13.4,190.0
MC0264,1159.0,148.5,349.8,63660000.0,10.7,173.0
MC0265,783.0,101.6,305.1,52186000.0,12.3,156.0
MC0266,90.0,17.4,101.4,5250000.0,42.4,75.0
MC0267,114.0,17.9,104.6,5934000.0,42.9,77.0
MC0268,835.0,107.6,319.0,54097000.0,12.7,159.0
MC0269,695.0,118.3,201.3,48382000.0,15.4,181.0
MC0270,395.0,51.8,167.9,19281000.0,28.5,131.0
MC0271,1098.0,139.4,338.6,69675000.0,10.0,168.0
MC0272,96.0,16.2,107.4,5606000.0,43.1,77.0
MC0273,473.0,84.5,179.4,37716000.0,17.1,170.0
MC0274,1002.0,126.3,333.3,57095000.0,11.5,164.0
MC0275,157.0,22.6,115.6,6753000.0,40.8,77.0
MC0276,769.0,132.8,197.6,49222000.0,13.2,187.0
MC0277,916.0,153.9,214.0,57791000.0,15.3,190.0
MC0278,316.0,43.2,155.2,15917000.0,28.2,122.0
MC0279,103.0,17.0,114.6,5950000.0,43.2,81.0
MC0280,857.0,109.6,314.8,58518000.0,12.6,166.0
MC0281,90.0,15.6,101.5,5747000.0,41.8,70.0
MC0282,329.0,45.2,157.5,15332000.0,28.4,120.0
MC0283,113.0,20.1,104.2,5463000.0,43.3,76.0
MC0284,396.0,52.5,168.5,17363000.0,26.5,126.0
MC0285,108.0,15.0,99.7,5412000.0,43.9,78.0
MC0286,512.0,90.9,185.0,42137000.0,17.2,173.0
MC0287,344.0,46.6,166.3,18036000.0,28.3,131.0
MC0288,90.0,15.9,108.5,5635000.0,43.7,75.0
MC0289,209.0,31.2,151.1,15425000.0,31.9,119.0
MC0290,385.0,50.9,164.5,17706000.0,29.5,124.0
MC0291,92.0,14.5,102.7,5284000.0,41.4,70.0
MC0292,734.0,95.7,297.1,51804000.0,14.3,157.0
MC0293,300.0,41.5,157.5,17234000.0,28.8,123.0
MC0294,891.0,115.8,313.6,55499000.0,12.3,158.0
MC0295,230.0,34.5,147.6,14674000.0,30.2,120.0
MC0296,90.0,17.7,106.3,5679000.0,44.5,77.0
MC0297,1155.0,143.8,347.0,68467000.0,11.6,169.0
MC0298,599.0,81.3,289.9,46705000.0,13.9,155.0
MC0299,400.0,52.2,153.1,17304000.0,29.2,130.0
MC0300,503.0,89.1,172.5,41748000.0,16.6,176.0
MC0301,750.0,130.4,198.5,49236000.0,14.5,182.0
MC0302,185.0,29.8,143.6,13584000.0,29.7,122.0
MC0303,298.0,41.3,163.5,16868000.0,31.0,126.0
MC0304,935.0,119.5,319.8,59316000.0,13.7,168.0
MC0305,311.0,40.2,161.6,15203000.0,29.3,124.0
MC0306,627.0,109.7,195.4,46396000.0,17.5,182.0
MC0307,120.0,18.6,107.7,5608000.0,43.5,75.0
MC0308,342.0,47.5,164.4,17317000.0,28.5,124.0
MC0309,268.0,39.1,155.2,14663000.0,30.1,132.0
MC0310,949.0,122.9,327.9,56465000.0,11.8,162.0
MC0311,956.0,123.0,326.1,57849000.0,12.3,165.0
MC0312,589.0,104.6,205.0,41928000.0,14.2,170.0
MC0313,810.0,137.3,211.6,48791000.0,14.0,191.0
MC0314,302.0,42.6,160.8,15361000.0,31.2,125.0
MC0315,130.0,18.4,102.7,5901000.0,43.3,76.0
MC0316,250.0,36.3,149.8,14827000.0,29.8,112.0
MC0317,110.0,17.1,104.1,5687000.0,43.6,76.0
MC0318,829.0,106.6,308.9,55655000.0,13.1,158.0
MC0319,556.0,95.6,191.3,38424000.0,14.4,177.0
MC0320,100.0,17.0,103.3,5718000.0,43.5,75.0
MC0321,903.0,150.9,224.6,54003000.0,12.3,188.0
MC0322,101.0,17.9,103.9,5404000.0,43.6,72.0
MC0323,623.0,105.6,188.9,42720000.0,14.4,175.0
MC0324,318.0,41.5,154.4,16889000.0,30.8,121.0
MC0325,309.0,44.7,151.7,15529000.0,29.2,125.0
MC0326,275.0,35.3,152.1,15949000.0,30.4,122.0
MC0327,944.0,119.5,319.5,61481000.0,11.9,162.0
MC0328,1038.0,132.4,334.1,68578000.0,11.2,165.0
MC0329,285.0,38.2,149.7,16828000.0,32.5,123.0
MC0330,327.0,43.3,158.8,17875000.0,29.5,126.0
MC0331,853.0,143.1,203.4,53017000.0,13.6,186.0
MC0332,1133.0,142.9,352.9,66329000.0,10.0,169.0
MC0333,90.0,15.5,106.5,5592000.0,44.0,73.0
MC0334,100.0,14.2,103.9,5583000.0,44.7,76.0
MC0335,348.0,46.4,155.4,17716000.0,27.6,126.0
MC0336,1100.0,184.3,224.9,63352000.0,11.7,197.0
MC0337,644.0,111.5,191.6,47011000.0,14.9,188.0
MC0338,90.0,15.7,104.1,5546000.0,42.5,77.0
MC0339,90.0,13.9,105.6,5426000.0,45.1,78.0
MC0340,400.0,72.6,163.8,38168000.0,18.7,168.0
MC0341,330.0,44.2,163.6,16691000.0,25.8,126.0
MC0342,796.0,101.4,301.9,53638000.0,14.3,153.0
MC0343,90.0,15.8,100.8,5488000.0,43.9,78.0
MC0344,691.0,116.4,202.4,42603000.0,13.9,183.0
MC0345,635.0,109.4,210.4,45476000.0,18.3,179.0
MC0346,106.0,15.8,108.8,5833000.0,42.0,76.0
MC0347,451.0,79.5,178.2,42667000.0,16.9,166.0
MC0348,663.0,85.0,288.1,53871000.0,14.4,152.0
MC0349,478.0,87.1,187.7,36947000.0,18.0,173.0
MC0350,92.0,15.7,101.8,5067000.0,44.4,78.0
MC0351,500.0,68.8,270.0,44239000.0,14.2,143.0
MC0352,623.0,81.2,290.4,54181000.0,16.2,149.0
MC0353,1136.0,144.5,342.7,68377000.0,12.5,167.0
MC0354,222.0,32.3,146.2,14319000.0,30.2,119.0
MC0355,90.0,13.4,109.4,5516000.0,44.5,75.0
MC0356,1045.0,133.8,335.5,66437000.0,12.2,161.0
MC0357,324.0,44.6,161.5,16411000.0,32.4,127.0
MC0358,467.0,83.3,178.3,38222000.0,18.3,177.0
MC0359,550.0,96.9,179.4,45625000.0,15.2,183.0
MC0360,711.0,92.8,298.6,52935000.0,16.1,156.0
MC0361,229.0,33.9,151.2,14236000.0,29.8,122.0
MC0362,366.0,45.6,173.1,17617000.0,28.1,134.0
MC0363,90.0,15.9,100.0,4951000.0,43.8,72.0
MC0364,629.0,108.7,189.4,44792000.0,16.3,178.0
MC0365,90.0,14.7,109.7,5209000.0,43.4,80.0
MC0366,400.0,70.3,177.6,39118000.0,18.1,173.0
MC0367,475.0,62.9,163.9,20039000.0,27.6,128.0
MC0368,770.0,99.8,302.8,57197000.0,14.6,157.0
MC0369,202.0,29.3,147.9,14466000.0,29.8,117.0
MC0370,877.0,112.4,314.1,61901000.0,12.3,161.0
MC0371,374.0,48.8,160.2,18650000.0,26.2,127.0
MC0372,123.0,17.9,107.9,6035000.0,42.0,77.0
MC0373,90.0,16.2,96.9,5585000.0,41.2,77.0
MC0374,668.0,114.8,202.1,47435000.0,15.1,186.0
MC0375,790.0,105.5,305.0,57856000.0,13.6,163.0
MC0376,257.0,36.3,152.2,14657000.0,28.7,124.0
MC0377,541.0,96.0,195.3,42416000.0,16.0,175.0
MC0378,413.0,75.7,173.3,36020000.0,14.9,166.0
MC0379,216.0,32.3,145.8,14507000.0,28.1,119.0
MC0380,345.0,47.1,158.0,18062000.0,28.8,129.0
MC0381,639.0,111.1,194.4,46855000.0,16.7,179.0
MC0382,94.0,15.0,107.0,5277000.0,43.6,80.0
MC0383,341.0,47.0,162.4,18185000.0,29.6,124.0
MC0384,698.0,119.2,200.6,44917000.0,12.5,181.0
MC0385,555.0,92.4,189.9,46842000.0,17.2,175.0
MC0386,974.0,165.2,221.3,58333000.0,12.5,192.0
MC0387,306.0,39.8,155.7,16358000.0,28.8,125.0
MC0388,386.0,48.8,166.5,17495000.0,27.2,131.0
MC0389,269.0,43.0,149.5,16120000.0,31.8,126.0
MC0390,752.0,127.5,210.1,50502000.0,17.1,180.0
MC0391,551.0,76.6,275.4,48033000.0,14.4,148.0
MC0392,1027.0,133.3,326.5,62137000.0,11.9,161.0
MC0393,402.0,50.1,165.9,18457000.0,28.3,133.0
MC0394,119.0,21.0,106.5,5526000.0,42.3,78.0
MC0395,283.0,40.4,161.0,15649000.0,30.0,119.0
MC0396,671.0,116.5,196.8,43929000.0,13.1,181.0
MC0397,397.0,52.0,157.2,17835000.0,28.5,123.0
MC0398,124.0,20.7,106.7,5607000.0,40.4,79.0
MC0399,90.0,14.6,106.1,5561000.0,41.9,78.0
MC0400,91.0,17.5,109.7,5763000.0,41.4,76.0
MC0401,958.0,123.1,330.2,57598000.0,10.9,165.0
MC0402,145.0,22.0,111.8,6471000.0,42.7,80.0
MC0403,1105.0,140.5,334.9,67112000.0,13.1,169.0
MC0404,965.0,124.8,331.8,56313000.0,12.7,165.0
MC0405,210.0,32.4,148.7,14524000.0,30.8,119.0
MC0406,700.0,92.1,290.2,50367000.0,16.0,160.0
MC0407,111.0,17.4,111.1,5633000.0,43.5,77.0
MC0408,116.0,18.4,108.3,5940000.0,42.6,74.0
MC0409,90.0,15.8,102.6,5965000.0,43.5,73.0
MC0410,333.0,45.2,163.8,16711000.0,30.1,128.0
MC0411,115.0,16.5,102.0,6099000.0,42.7,74.0
MC0412,356.0,47.7,174.7,17620000.0,28.3,127.0
MC0413,134.0,20.8,106.1,6178000.0,42.1,76.0
MC0414,414.0,70.9,179.2,40006000.0,18.2,167.0
MC0415,793.0,135.5,200.8,50560000.0,12.4,188.0
MC0416,543.0,94.9,190.6,39632000.0,18.1,169.0
MC0417,225.0,33.0,145.3,14795000.0,30.5,120.0
MC0418,744.0,126.3,197.7,47336000.0,15.5,184.0
MC0419,334.0,43.5,165.9,16657000.0,29.0,127.0
MC0420,90.0,15.8,103.5,5389000.0,43.7,80.0
MC0421,892.0,151.5,208.4,54729000.0,11.1,184.0
MC0422,90.0,15.2,107.2,5539000.0,42.1,77.0
MC0423,120.0,19.0,110.3,5730000.0,42.9,80.0
MC0424,792.0,133.4,208.1,51421000.0,14.7,181.0
MC0425,354.0,45.4,161.3,17241000.0,28.0,127.0
MC0426,300.0,38.8,161.7,16215000.0,28.3,124.0
MC0427,105.0,19.3,104.2,5479000.0,42.6,80.0
MC0428,257.0,32.7,157.5,15640000.0,29.0,124.0
MC0429,95.0,15.7,110.8,5184000.0,43.1,74.0
MC0430,1153.0,146.1,352.3,66948000.0,10.0,168.0
MC0431,359.0,49.0,163.3,18544000.0,29.2,130.0
MC0432,121.0,17.3,105.4,6052000.0,42.6,77.0
MC0433,98.0,18.2,107.6,5494000.0,42.9,77.0
MC0434,128.0,18.8,104.8,5955000.0,43.4,76.0
MC0435,653.0,110.7,192.2,43550000.0,16.0,181.0
MC0436,284.0,41.4,150.4,15652000.0,29.1,130.0
MC0437,900.0,117.8,309.1,55689000.0,12.1,163.0
MC0438,679.0,88.8,294.8,49687000.0,13.4,154.0
MC0439,400.0,53.4,162.0,17972000.0,28.4,133.0
MC0440,637.0,111.0,202.1,45720000.0,15.3,176.0
MC0441,642.0,107.7,189.5,46211000.0,14.9,186.0
MC0442,300.0,41.2,157.5,16397000.0,30.0,126.0
MC0443,335.0,44.7,164.2,16359000.0,27.7,124.0
MC0444,756.0,130.2,194.7,48120000.0,14.0,177.0
MC0445,803.0,136.2,209.8,54163000.0,14.4,185.0
MC0446,107.0,16.2,105.7,5299000.0,44.1,73.0
MC0447,320.0,39.7,167.1,16213000.0,29.5,126.0
MC0448,654.0,87.7,290.6,49302000.0,16.3,156.0
MC0449,302.0,39.9,161.8,15073000.0,30.0,121.0
MC0450,290.0,40.4,154.1,16783000.0,29.6,122.0
MC0451,221.0,32.3,144.2,13924000.0,31.8,121.0
MC0452,93.0,17.8,101.0,5725000.0,42.4,75.0
MC0453,112.0,16.5,102.0,5919000.0,43.4,73.0
MC0454,652.0,87.5,287.1,48933000.0,14.3,145.0
MC0455,780.0,100.9,297.1,54049000.0,12.9,160.0
MC0456,113.0,17.3,106.5,5898000.0,41.5,78.0
MC0457,353.0,49.2,154.7,17522000.0,28.9,129.0
MC0458,782.0,132.7,206.1,48588000.0,14.3,181.0
MC0459,107.0,17.6,108.8,6230000.0,42.4,75.0
MC0460,265.0,35.9,146.1,15241000.0,32.5,119.0
MC0461,112.0,17.9,106.7,5974000.0,43.3,77.0
MC0462,283.0,40.1,151.5,15916000.0,29.6,123.0
MC0463,90.0,16.7,103.8,5413000.0,41.1,77.0
MC0464,396.0,48.1,162.5,18434000.0,28.0,131.0
MC0465,90.0,17.2,99.3,5505000.0,45.9,73.0
MC0466,126.0,18.9,111.4,5757000.0,42.8,74.0
MC0467,580.0,100.1,199.1,38725000.0,16.1,179.0
MC0468,731.0,125.4,196.7,45793000.0,15.7,181.0
MC0469,835.0,142.7,207.0,51924000.0,13.6,185.0
MC0470,97.0,17.0,105.7,5387000.0,43.4,75.0
MC0471,383.0,48.8,159.8,17193000.0,29.9,131.0
MC0472,582.0,101.8,197.8,42411000.0,15.0,181.0
MC0473,626.0,112.1,193.5,46084000.0,14.5,176.0
MC0474,321.0,44.8,156.0,16595000.0,30.6,125.0
MC0475,90.0,17.5,108.8,5424000.0,42.4,77.0
MC0476,883.0,113.0,321.7,56778000.0,14.0,162.0
MC0477,795.0,104.3,311.4,54943000.0,13.7,159.0
MC0478,113.0,17.4,109.0,5725000.0,41.0,75.0
MC0479,728.0,94.9,288.3,55368000.0,13.7,156.0
MC0480,397.0,51.7,169.6,18664000.0,29.3,131.0
MC0481,1177.0,149.5,352.0,68628000.0,10.0,174.0
MC0482,916.0,117.8,325.6,61009000.0,16.7,161.0
MC0483,283.0,38.2,164.6,16275000.0,29.0,124.0
MC0484,616.0,108.1,201.3,45497000.0,15.4,177.0
MC0485,974.0,166.1,205.2,56997000.0,11.9,195.0
MC0486,628.0,106.6,193.7,46694000.0,14.0,178.0
MC0487,293.0,38.5,154.9,16482000.0,31.7,120.0
MC0488,90.0,16.2,101.4,5419000.0,43.4,75.0
MC0489,180.0,27.5,146.2,14436000.0,32.3,118.0
MC0490,295.0,42.0,153.4,15733000.0,28.9,125.0
MC0491,669.0,84.7,295.5,50995000.0,13.4,147.0
MC0492,257.0,39.0,144.1,14736000.0,30.4,126.0
MC0493,128.0,20.4,105.0,6077000.0,42.7,78.0
MC0494,403.0,54.4,161.8,19016000.0,27.8,127.0
MC0495,639.0,85.6,284.5,47766000.0,14.3,149.0
MC0496,709.0,96.9,289.5,51586000.0,13.8,160.0
MC0497,779.0,101.2,299.6,54834000.0,13.5,161.0
MC0498,110.0,18.9,105.8,5579000.0,43.1,78.0
MC0499,91.0,16.7,104.3,5162000.0,44.1,74.0
MC0500,767.0,101.9,307.5,52011000.0,15.0,158.0
MC0501,110.0,17.3,110.4,5780000.0,43.7,79.0
MC0502,304.0,42.5,155.6,16414000.0,31.6,126.0
MC0503,357.0,48.4,159.3,17727000.0,27.6,132.0
MC0504,90.0,17.4,109.5,5387000.0,42.5,77.0
MC0505,697.0,91.1,291.3,53723000.0,15.0,155.0
MC0506,540.0,92.8,185.0,38920000.0,19.2,172.0
MC0507,90.0,15.9,97.8,5759000.0,42.8,75.0
MC0508,414.0,54.5,167.1,19699000.0,30.0,134.0
MC0509,90.0,15.9,101.6,5299000.0,44.1,78.0
MC0510,104.0,18.6,102.7,5605000.0,43.0,77.0
MC0511,388.0,52.0,162.9,19624000.0,28.4,132.0
MC0512,391.0,49.7,165.5,17593000.0,28.9,136.0
MC0513,889.0,115.2,317.0,58968000.0,12.4,166.0
MC0514,390.0,52.0,170.0,18774000.0,25.7,129.0
MC0515,180.0,27.0,145.6,13000000.0,33.5,117.0
MC0516,367.0,50.4,156.2,17906000.0,29.1,131.0
MC0517,790.0,102.1,312.9,60430000.0,13.9,157.0
MC0518,331.0,43.8,162.5,17864000.0,28.4,125.0
MC0519,92.0,16.4,97.3,5519000.0,43.2,74.0
MC0520,535.0,92.9,189.6,37151000.0,17.8,179.0
MC0521,795.0,134.5,220.6,51350000.0,13.7,186.0
MC0522,180.0,28.3,147.1,12291000.0,31.1,125.0
MC0523,1100.0,186.2,227.2,59369000.0,12.4,201.0
MC0524,932.0,159.0,213.8,59255000.0,14.2,189.0
MC0525,226.0,31.3,156.6,13112000.0,29.4,123.0
MC0526,971.0,125.2,328.0,60067000.0,14.8,166.0
MC0527,90.0,17.3,106.4,5472000.0,42.9,74.0
MC0528,138.0,20.4,116.5,6407000.0,42.7,82.0
MC0529,361.0,47.4,154.5,18826000.0,27.5,127.0
MC0530,446.0,82.0,182.9,37479000.0,16.8,168.0
MC0531,118.0,19.7,103.7,6023000.0,42.1,82.0
MC0532,375.0,50.9,166.5,18036000.0,29.0,131.0
MC0533,104.0,17.7,100.2,5587000.0,41.9,77.0
MC0534,400.0,72.2,179.3,37929000.0,15.6,171.0
MC0535,687.0,118.0,201.6,48864000.0,13.0,178.0
MC0536,804.0,104.3,313.0,55814000.0,12.5,161.0
MC0537,90.0,15.7,109.8,5225000.0,42.6,77.0
MC0538,952.0,161.2,218.5,56550000.0,12.0,187.0
MC0539,821.0,143.3,204.6,51964000.0,15.2,185.0
MC0540,628.0,109.8,202.3,46010000.0,18.0,183.0
MC0541,343.0,48.5,154.7,16761000.0,28.5,126.0
MC0542,679.0,118.9,191.8,48775000.0,14.5,176.0
MC0543,92.0,16.2,101.1,5210000.0,45.2,76.0
MC0544,676.0,116.1,190.7,45743000.0,17.0,182.0
MC0545,840.0,142.4,208.6,51378000.0,12.8,184.0
MC0546,704.0,120.6,194.1,47488000.0,14.6,177.0
MC0547,383.0,50.4,170.8,19084000.0,26.7,130.0
MC0548,868.0,147.1,210.1,56514000.0,13.3,185.0
MC0549,753.0,129.8,201.4,49359000.0,13.5,183.0
MC0550,90.0,17.1,106.4,5363000.0,42.6,73.0
MC0551,798.0,138.0,205.2,48152000.0,13.3,183.0
MC0552,360.0,46.6,166.0,17339000.0,29.6,128.0
MC0553,549.0,92.4,194.5,43360000.0,16.4,177.0
MC0554,137.0,20.7,110.7,5936000.0,41.3,78.0
MC0555,356.0,46.3,166.1,17395000.0,26.9,126.0
MC0556,242.0,36.3,152.3,14518000.0,29.1,114.0
MC0557,116.0,19.8,108.0,5776000.0,42.7,78.0
MC0558,274.0,37.1,154.7,15650000.0,28.9,117.0
MC0559,90.0,16.0,103.5,5455000.0,43.5,79.0
MC0560,557.0,94.5,195.2,42342000.0,16.0,177.0
MC0561,859.0,109.0,309.7,54425000.0,13.6,161.0
MC0562,95.0,15.3,98.2,5224000.0,44.0,79.0
MC0563,400.0,67.7,181.0,36652000.0,17.7,171.0
MC0564,95.0,15.2,102.6,5649000.0,44.4,73.0
MC0565,361.0,49.0,169.5,17302000.0,28.4,128.0
MC0566,325.0,42.8,162.0,16896000.0,29.1,125.0
MC0567,325.0,45.5,150.2,16709000.0,29.3,128.0
MC0568,385.0,49.8,154.7,18307000.0,27.7,128.0
MC0569,90.0,14.4,99.6,5164000.0,42.7,71.0
MC0570,757.0,131.6,208.2,48514000.0,13.4,182.0
MC0571,886.0,115.6,316.3,59047000.0,11.1,154.0
MC0572,296.0,40.9,157.7,16213000.0,30.2,121.0
MC0573,272.0,36.7,152.5,15015000.0,30.8,121.0
MC0574,1052.0,132.6,333.3,62844000.0,12.5,171.0
MC0575,597.0,101.0,191.3,44624000.0,14.6,183.0
MC0576,758.0,129.4,201.5,45614000.0,14.1,186.0
MC0577,774.0,98.8,297.4,55631000.0,14.2,155.0
MC0578,90.0,16.4,111.0,5541000.0,44.2,76.0
MC0579,96.0,17.8,105.1,5585000.0,45.3,75.0
MC0580,106.0,18.2,105.7,5310000.0,44.4,72.0
MC0581,500.0,68.4,277.6,46659000.0,14.5,148.0
MC0582,122.0,20.1,104.4,5718000.0,42.5,78.0
MC0583,90.0,15.9,101.6,5267000.0,44.1,76.0
MC0584,316.0,42.8,153.8,18020000.0,27.8,126.0
MC0585,238.0,33.5,153.4,15157000.0,31.7,119.0
MC0586,955.0,160.4,227.0,56273000.0,11.5,193.0
MC0587,627.0,79.4,289.7,47893000.0,15.2,158.0
MC0588,832.0,140.8,212.7,52518000.0,13.2,186.0
MC0589,689.0,115.2,197.5,47884000.0,13.9,175.0
MC0590,598.0,104.7,179.2,41504000.0,16.3,174.0
MC0591,229.0,31.3,150.3,15158000.0,30.8,118.0
MC0592,573.0,74.4,279.4,52408000.0,15.4,149.0
MC0593,90.0,16.2,102.5,5867000.0,42.8,75.0
MC0594,868.0,146.6,215.0,53932000.0,14.2,190.0
MC0595,430.0,78.1,179.4,32969000.0,17.2,171.0
MC0596,285.0,39.5,158.6,15750000.0,29.1,125.0
MC0597,218.0,34.1,146.8,14545000.0,30.3,121.0
MC0598,775.0,131.4,205.9,46743000.0,14.2,186.0
MC0599,594.0,100.8,177.2,41109000.0,16.2,175.0
MC0600,90.0,15.6,99.2,5128000.0,43.4,76.0
MC0601,101.0,16.8,109.2,5577000.0,41.3,74.0
MC0602,114.0,17.4,107.1,5547000.0,43.0,78.0
MC0603,180.0,28.6,141.6,12375000.0,29.6,122.0
MC0604,882.0,112.7,314.9,57818000.0,14.4,163.0
MC0605,107.0,15.8,106.5,5193000.0,42.8,74.0
MC0606,929.0,121.6,319.3,59163000.0,12.3,161.0
MC0607,302.0,43.9,148.6,16786000.0,30.7,127.0
MC0608,90.0,16.8,101.9,5331000.0,41.7,77.0
MC0609,778.0,130.5,199.0,48862000.0,12.5,191.0
MC0610,272.0,39.7,151.6,15099000.0,31.0,124.0
MC0611,992.0,125.4,331.2,59562000.0,10.6,165.0
MC0612,778.0,100.4,302.6,52649000.0,12.7,153.0
MC0613,1070.0,133.8,341.4,68279000.0,11.5,158.0
MC0614,833.0,110.0,310.7,58020000.0,14.2,160.0
MC0615,220.0,33.3,145.9,13358000.0,29.4,119.0
MC0616,348.0,47.0,159.7,17916000.0,27.6,130.0
MC0617,673.0,118.0,200.5,44811000.0,14.9,182.0
MC0618,643.0,111.6,193.1,42939000.0,16.7,185.0
MC0619,716.0,117.7,191.9,46306000.0,15.2,184.0
MC0620,595.0,101.2,188.6,44652000.0,16.7,174.0
MC0621,129.0,19.4,106.0,5698000.0,42.7,74.0
MC0622,339.0,45.6,160.6,17164000.0,29.3,128.0
MC0623,581.0,77.2,273.3,47540000.0,16.3,143.0
MC0624,123.0,18.4,104.0,5926000.0,41.8,75.0
MC0625,793.0,135.5,205.2,52025000.0,15.7,189.0
MC0626,214.0,30.4,137.7,15043000.0,32.8,127.0
MC0627,413.0,53.7,161.1,18840000.0,26.7,129.0
MC0628,94.0,14.5,109.7,5391000.0,42.6,76.0
MC0629,90.0,15.4,108.1,5695000.0,43.7,75.0
MC0630,109.0,17.2,111.0,6125000.0,44.2,75.0
MC0631,762.0,127.8,205.4,49362000.0,14.6,187.0
MC0632,112.0,18.8,105.6,5978000.0,43.7,79.0
MC0633,372.0,48.3,165.6,17190000.0,29.0,128.0
MC0634,362.0,48.8,165.0,18016000.0,28.6,126.0
MC0635,904.0,151.1,200.6,55275000.0,14.5,198.0
MC0636,369.0,48.2,169.2,17994000.0,28.9,133.0
MC0637,316.0,43.5,152.2,17845000.0,32.2,127.0
MC0638,90.0,14.4,106.5,5544000.0,43.9,75.0
MC0639,123.0,19.5,111.1,6140000.0,43.2,74.0
MC0640,932.0,119.0,320.1,63592000.0,13.1,167.0
MC0641,335.0,45.4,157.7,17407000.0,28.7,130.0
MC0642,366.0,47.1,163.4,17379000.0,28.1,130.0
MC0643,100.0,17.2,107.8,5413000.0,43.5,77.0
MC0644,780.0,135.3,207.2,52973000.0,13.1,186.0
MC0645,732.0,125.1,201.8,49834000.0,17.0,185.0
MC0646,1070.0,135.5,337.4,63408000.0,10.5,167.0
MC0647,677.0,115.8,193.1,46666000.0,15.7,178.0
MC0648,717.0,123.1,205.5,49527000.0,16.7,185.0
MC0649,92.0,17.0,103.5,5927000.0,42.2,79.0
MC0650,864.0,147.0,201.2,54690000.0,12.2,194.0
MC0651,561.0,74.5,277.6,45910000.0,15.2,150.0
MC0652,508.0,86.9,184.2,41429000.0,16.3,172.0
MC0653,98.0,15.8,105.8,5946000.0,43.4,77.0
MC0654,460.0,82.1,171.5,35048000.0,17.8,170.0
MC0655,205.0,31.8,147.9,13222000.0,30.4,113.0
MC0656,206.0,31.4,156.0,15668000.0,32.0,124.0
MC0657,260.0,35.8,156.9,15385000.0,28.4,122.0
MC0658,95.0,18.1,103.4,5765000.0,42.9,72.0
MC0659,312.0,41.9,154.0,16939000.0,30.2,124.0
MC0660,135.0,21.0,115.3,5824000.0,42.1,77.0
MC0661,666.0,115.1,186.2,45819000.0,14.8,183.0
MC0662,634.0,107.8,189.6,44850000.0,16.9,180.0
MC0663,430.0,59.2,166.0,21883000.0,24.8,132.0
MC0664,102.0,15.5,104.3,5296000.0,42.5,76.0
MC0665,663.0,85.0,287.6,47157000.0,14.8,155.0
MC0666,236.0,34.0,148.2,14585000.0,30.3,122.0
MC0667,500.0,67.5,268.5,53242000.0,14.9,147.0
MC0668,712.0,121.2,194.6,49656000.0,14.8,185.0
MC0669,134.0,20.7,108.2,5740000.0,39.7,78.0
MC0670,555.0,77.3,273.2,45006000.0,15.2,149.0
MC0671,236.0,32.5,151.2,14997000.0,31.1,121.0
MC0672,844.0,144.9,201.1,51109000.0,12.3,188.0
MC0673,98.0,19.1,98.5,5504000.0,42.4,71.0
MC0674,267.0,37.4,154.5,15032000.0,29.1,118.0
MC0675,815.0,104.7,309.1,55474000.0,14.5,161.0
MC0676,810.0,107.1,310.6,56828000.0,16.1,164.0
MC0677,180.0,27.5,145.0,11699000.0,30.9,117.0
MC0678,91.0,15.2,107.0,5627000.0,41.3,74.0
MC0679,693.0,117.7,200.2,47520000.0,16.4,182.0
MC0680,328.0,45.2,159.4,14831000.0,27.5,128.0
MC0681,727.0,94.7,296.9,55563000.0,15.7,153.0
MC0682,869.0,112.3,314.5,53067000.0,13.6,162.0
MC0683,99.0,18.0,103.4,5443000.0,42.8,77.0
MC0684,589.0,78.6,281.0,45433000.0,14.5,153.0
MC0685,281.0,36.0,157.2,15951000.0,32.3,120.0
MC0686,766.0,131.3,203.7,49755000.0,12.8,181.0
MC0687,90.0,17.1,102.7,5386000.0,43.3,78.0
MC0688,295.0,39.1,141.9,14288000.0,29.6,119.0
MC0689,912.0,117.5,313.0,60246000.0,11.2,158.0
MC0690,1043.0,132.7,338.7,69148000.0,12.7,168.0
MC0691,538.0,71.1,276.0,45097000.0,16.9,149.0
MC0692,262.0,34.8,154.5,14277000.0,29.1,126.0
MC0693,307.0,44.5,152.5,15759000.0,29.7,124.0
MC0694,133.0,20.4,103.8,6146000.0,41.7,77.0
MC0695,648.0,84.0,286.1,47809000.0,16.7,152.0
MC0696,136.0,19.4,106.9,6060000.0,41.7,75.0
MC0697,395.0,51.5,158.1,17650000.0,27.6,124.0
MC0698,122.0,17.9,108.8,5742000.0,43.4,78.0
MC0699,824.0,108.1,313.0,56355000.0,12.7,162.0
MC0700,646.0,109.1,191.6,46621000.0,13.9,177.0
MC0701,864.0,112.9,321.2,54164000.0,13.6,161.0
MC0702,90.0,14.4,109.7,5348000.0,42.5,75.0
MC0703,90.0,16.5,105.5,5514000.0,42.6,73.0
MC0704,1100.0,181.3,229.5,59515000.0,11.5,205.0
MC0705,541.0,96.2,186.9,41217000.0,16.6,172.0
MC0706,807.0,135.9,210.3,48229000.0,11.9,181.0
MC0707,108.0,17.6,110.0,5332000.0,42.7,75.0
MC0708,646.0,105.7,199.2,47607000.0,15.9,179.0
MC0709,286.0,37.8,145.3,16727000.0,30.1,118.0
MC0710,669.0,86.2,292.8,50317000.0,14.9,155.0
MC0711,829.0,141.6,205.9,53133000.0,14.2,190.0
MC0712,592.0,80.9,278.4,49475000.0,14.3,150.0
MC0713,677.0,117.3,197.6,52473000.0,16.6,179.0
MC0714,90.0,16.5,103.2,5341000.0,43.7,75.0
MC0715,90.0,16.9,101.9,5753000.0,45.5,75.0
MC0716,180.0,29.4,150.7,13395000.0,31.8,124.0
MC0717,90.0,15.7,106.8,5257000.0,41.8,72.0
MC0718,795.0,105.2,308.3,53422000.0,13.9,158.0
MC0719,303.0,40.4,158.3,16134000.0,30.9,123.0
MC0720,344.0,43.8,155.7,18130000.0,28.3,122.0
MC0721,316.0,40.7,152.0,16472000.0,29.3,127.0
MC0722,727.0,122.8,203.2,51012000.0,16.5,182.0
MC0723,797.0,131.4,208.1,50359000.0,14.6,186.0
MC0724,788.0,102.3,311.5,54593000.0,14.0,159.0
MC0725,808.0,136.7,208.4,53044000.0,16.4,185.0
MC0726,812.0,104.5,317.4,56797000.0,12.2,161.0
MC0727,316.0,42.6,156.4,16485000.0,27.9,124.0
MC0728,113.0,17.7,108.0,5791000.0,44.2,76.0
MC0729,910.0,153.2,208.0,53988000.0,12.3,191.0
MC0730,180.0,28.2,146.1,13841000.0,31.8,120.0
MC0731,94.0,14.8,107.3,5789000.0,44.0,77.0
MC0732,90.0,17.3,104.9,4927000.0,41.4,75.0
MC0733,104.0,18.6,104.7,5753000.0,43.5,78.0
MC0734,108.0,18.1,105.6,5477000.0,42.5,73.0
MC0735,737.0,124.7,206.9,50736000.0,12.7,179.0
MC0736,90.0,16.2,109.1,5231000.0,43.9,74.0
MC0737,900.0,117.8,322.8,59661000.0,11.4,162.0
MC0738,113.0,16.8,102.4,5735000.0,42.0,74.0
MC0739,748.0,98.3,291.7,52645000.0,13.5,153.0
MC0740,115.0,18.4,103.8,5956000.0,42.6,74.0
MC0741,500.0,67.7,259.1,40961000.0,15.5,145.0
MC0742,318.0,43.2,158.8,17125000.0,28.2,127.0
MC0743,119.0,20.6,109.6,5860000.0,40.9,79.0
MC0744,121.0,18.9,99.9,5942000.0,44.9,73.0
MC0745,526.0,88.0,182.9,39013000.0,16.2,171.0
MC0746,355.0,48.4,161.0,17252000.0,28.9,134.0
MC0747,786.0,103.1,301.9,55894000.0,12.6,156.0
MC0748,97.0,16.7,109.3,5475000.0,42.4,75.0
MC0749,674.0,86.9,286.4,52651000.0,14.5,151.0
MC0750,90.0,16.5,100.7,5340000.0,44.0,76.0
MC0751,90.0,14.9,106.7,5775000.0,42.5,79.0
MC0752,90.0,17.7,103.0,5459000.0,44.4,76.0
MC0753,294.0,41.3,160.6,14283000.0,29.1,124.0
MC0754,288.0,40.2,153.0,15576000.0,26.6,129.0
MC0755,839.0,110.6,314.4,55108000.0,12.2,160.0
MC0756,90.0,17.0,109.6,5505000.0,43.4,76.0
MC0757,111.0,17.5,106.2,5761000.0,42.3,80.0
MC0758,760.0,95.7,297.3,50796000.0,13.5,158.0
MC0759,349.0,50.8,160.9,17780000.0,29.4,127.0
MC0760,284.0,41.1,155.8,15975000.0,31.1,129.0
MC0761,90.0,14.7,101.4,5296000.0,43.5,75.0
MC0762,448.0,58.4,169.3,20926000.0,29.2,137.0
MC0763,98.0,15.9,103.4,5625000.0,43.8,74.0
MC0764,400.0,73.3,189.9,38737000.0,18.7,170.0
MC0765,594.0,79.0,284.5,44804000.0,15.2,145.0
MC0766,228.0,30.1,147.5,13695000.0,27.9,121.0
MC0767,100.0,18.0,109.0,5634000.0,41.7,80.0
MC0768,894.0,113.8,323.7,57781000.0,13.9,162.0
MC0769,126.0,19.8,103.8,6037000.0,42.7,80.0
MC0770,110.0,20.9,104.6,6108000.0,42.0,75.0
MC0771,253.0,36.2,160.5,15391000.0,31.3,123.0
MC0772,119.0,17.8,104.8,5848000.0,42.9,74.0
MC0773,333.0,43.5,159.6,17862000.0,29.0,132.0
MC0774,956.0,123.7,323.0,61911000.0,13.2,163.0
MC0775,90.0,16.2,106.9,5788000.0,43.0,77.0
MC0776,135.0,19.9,108.0,6017000.0,41.9,75.0
MC0777,771.0,129.1,196.4,53238000.0,16.0,184.0
MC0778,1049.0,174.2,217.2,63097000.0,10.0,201.0
MC0779,134.0,23.2,107.6,6462000.0,42.8,75.0
MC0780,260.0,37.3,148.4,16274000.0,31.1,119.0
MC0781,389.0,49.6,166.6,18031000.0,27.6,127.0
MC0782,391.0,50.3,169.7,17931000.0,25.9,126.0
MC0783,826.0,138.2,216.3,53117000.0,14.6,190.0
MC0784,622.0,107.4,193.3,45721000.0,13.8,178.0
MC0785,137.0,18.8,107.4,6088000.0,41.0,78.0
MC0786,90.0,17.0,104.8,5761000.0,41.1,76.0
MC0787,205.0,29.6,137.2,14127000.0,28.5,120.0
MC0788,100.0,18.9,103.1,5412000.0,42.7,73.0
MC0789,1104.0,137.2,341.6,64269000.0,11.1,166.0
MC0790,647.0,112.0,193.7,43182000.0,13.9,178.0
MC0791,980.0,125.9,326.0,61012000.0,11.9,162.0
MC0792,350.0,47.2,164.6,18052000.0,29.6,127.0
MC0793,340.0,46.6,154.9,16580000.0,29.5,129.0
MC0794,303.0,42.0,153.7,17587000.0,27.3,126.0
MC0795,985.0,126.5,322.3,61681000.0,12.7,168.0
MC0796,248.0,33.9,158.4,13730000.0,31.2,124.0
MC0797,438.0,54.3,168.8,18629000.0,26.6,126.0
MC0798,886.0,151.3,210.5,53882000.0,12.8,187.0
MC0799,218.0,31.7,150.3,14136000.0,31.8,120.0
MC0800,766.0,131.4,205.8,51058000.0,15.1,190.0
MC0801,102.0,17.5,104.8,5666000.0,41.4,76.0
MC0802,100.0,16.6,107.7,5542000.0,42.2,78.0
MC0803,306.0,38.7,161.8,15759000.0,28.4,120.0
MC0804,108.0,19.2,112.0,5802000.0,41.4,72.0
MC0805,90.0,15.3,103.2,5594000.0,44.2,78.0
MC0806,240.0,36.7,152.9,15289000.0,31.4,122.0
MC0807,230.0,32.6,147.5,14408000.0,31.0,124.0
MC0808,897.0,115.0,316.1,56128000.0,13.4,160.0
MC0809,535.0,94.0,189.2,40168000.0,15.7,173.0
MC0810,729.0,121.2,189.6,50655000.0,15.9,175.0
MC0811,338.0,45.7,152.1,17316000.0,28.9,131.0
MC0812,821.0,106.3,307.0,58265000.0,14.3,152.0
MC0813,308.0,40.8,164.8,16197000.0,29.1,119.0
MC0814,373.0,49.3,161.9,17324000.0,29.7,135.0
MC0815,983.0,127.9,326.7,62886000.0,10.8,166.0
MC0816,481.0,86.5,173.2,37900000.0,15.8,174.0
MC0817,389.0,50.3,161.9,18280000.0,27.9,125.0
MC0818,90.0,14.7,104.2,5610000.0,43.2,81.0
MC0819,1127.0,144.1,346.1,66993000.0,12.5,170.0
MC0820,868.0,148.2,203.4,49428000.0,14.4,189.0
MC0821,90.0,15.0,110.1,5674000.0,42.7,77.0
MC0822,255.0,35.6,153.0,15465000.0,31.5,123.0
MC0823,811.0,137.4,209.4,52595000.0,15.1,189.0
MC0824,347.0,46.3,157.8,16561000.0,27.7,127.0
MC0825,95.0,15.8,106.8,5494000.0,43.0,75.0
MC0826,373.0,49.0,163.5,18870000.0,29.8,131.0
MC0827,94.0,17.1,104.4,5564000.0,43.6,78.0
MC0828,361.0,49.7,175.0,17272000.0,27.4,126.0
MC0829,122.0,18.7,110.9,5976000.0,42.2,76.0
MC0830,93.0,17.4,104.7,5021000.0,43.3,77.0
MC0831,90.0,12.5,106.3,5490000.0,44.4,70.0
MC0832,124.0,18.6,113.0,5813000.0,44.4,77.0
MC0833,400.0,72.1,181.9,37503000.0,15.4,172.0
MC0834,302.0,41.7,152.6,15736000.0,29.0,121.0
MC0835,340.0,45.3,162.1,17606000.0,30.5,130.0
MC0836,758.0,130.8,204.5,51855000.0,12.3,184.0
MC0837,283.0,41.3,143.2,14527000.0,32.5,124.0
MC0838,126.0,18.1,112.1,5835000.0,43.4,79.0
MC0839,96.0,17.6,98.7,5472000.0,41.7,76.0
MC0840,95.0,17.1,107.7,5645000.0,44.2,75.0
MC0841,314.0,43.6,160.0,15868000.0,30.1,126.0
MC0842,293.0,37.4,154.7,17139000.0,30.3,124.0
MC0843,90.0,15.6,107.3,5306000.0,43.1,76.0
MC0844,329.0,43.1,165.7,17208000.0,30.6,131.0
MC0845,121.0,18.9,106.8,5479000.0,42.9,73.0
MC0846,776.0,133.6,204.7,45534000.0,14.6,183.0
MC0847,713.0,123.4,201.4,50120000.0,14.8,183.0
MC0848,746.0,129.2,208.4,51288000.0,14.2,183.0
MC0849,101.0,17.7,105.4,5546000.0,42.2,74.0
MC0850,90.0,15.0,111.5,5021000.0,43.1,74.0
MC0851,299.0,39.4,158.5,15611000.0,28.4,129.0
MC0852,283.0,38.0,152.8,15784000.0,30.9,124.0
MC0853,106.0,18.0,101.1,5898000.0,42.4,72.0
MC0854,96.0,17.2,102.0,5255000.0,43.8,73.0
MC0855,203.0,30.2,148.7,14531000.0,30.6,110.0
MC0856,634.0,109.8,192.4,43455000.0,17.1,180.0
MC0857,102.0,16.5,108.8,5563000.0,42.6,77.0
MC0858,106.0,17.1,105.1,5534000.0,42.1,77.0
MC0859,90.0,13.9,103.5,5235000.0,41.4,74.0
MC0860,769.0,131.2,202.3,46264000.0,16.6,181.0
MC0861,90.0,16.4,105.2,5629000.0,43.2,77.0
MC0862,232.0,32.5,153.8,14156000.0,30.9,120.0
MC0863,772.0,130.5,203.0,49514000.0,14.0,186.0
MC0864,904.0,117.5,320.2,59968000.0,12.6,159.0
MC0865,270.0,38.3,145.0,16179000.0,25.7,129.0
MC0866,799.0,135.4,213.0,49954000.0,13.7,189.0
MC0867,632.0,107.4,197.0,39690000.0,14.7,175.0
MC0868,106.0,16.3,100.4,6236000.0,42.4,77.0
MC0869,882.0,145.8,209.7,53982000.0,11.5,184.0
MC0870,90.0,16.9,100.1,5519000.0,43.2,77.0
MC0871,926.0,121.1,316.4,57213000.0,13.0,160.0
MC0872,213.0,30.5,151.5,14488000.0,32.6,124.0
MC0873,98.0,15.4,103.4,5416000.0,44.1,78.0
MC0874,141.0,21.1,107.2,6154000.0,40.8,82.0
MC0875,114.0,19.0,102.8,5792000.0,43.1,79.0
MC0876,389.0,52.8,170.7,18184000.0,28.3,127.0
MC0877,90.0,16.9,106.3,5373000.0,43.1,72.0
MC0878,96.0,17.2,110.0,5470000.0,42.4,74.0
MC0879,293.0,42.6,156.7,15164000.0,27.4,122.0
MC0880,90.0,15.2,105.6,5234000.0,43.3,76.0
MC0881,281.0,37.0,154.2,15923000.0,29.3,121.0
MC0882,675.0,89.4,294.2,52610000.0,14.1,150.0
MC0883,913.0,154.1,212.7,55268000.0,11.8,189.0
MC0884,655.0,84.7,299.1,51243000.0,14.1,151.0
MC0885,465.0,79.9,176.6,40861000.0,18.9,165.0
MC0886,829.0,141.7,209.5,52733000.0,15.1,186.0
MC0887,632.0,109.4,192.3,46974000.0,15.1,178.0
MC0888,90.0,17.6,104.1,5057000.0,43.4,72.0
MC0889,983.0,124.1,332.8,59561000.0,12.7,168.0
MC0890,97.0,18.3,101.4,5525000.0,43.3,72.0
MC0891,704.0,120.8,200.0,43181000.0,14.3,182.0
MC0892,119.0,19.5,107.9,6272000.0,42.9,73.0
MC0893,110.0,19.3,109.1,5868000.0,42.7,81.0
MC0894,322.0,44.7,156.0,16416000.0,30.7,127.0
MC0895,762.0,132.2,203.0,48080000.0,14.8,185.0
MC0896,896.0,150.2,214.8,56942000.0,11.7,197.0
MC0897,848.0,144.9,211.6,52650000.0,13.9,185.0
MC0898,886.0,151.5,208.8,54006000.0,13.2,186.0
MC0899,262.0,32.6,155.9,15729000.0,29.1,122.0
MC0900,836.0,139.7,206.4,50934000.0,15.4,181.0
MC0901,891.0,114.0,316.7,59711000.0,12.4,159.0
MC0902,90.0,16.0,101.6,5522000.0,44.2,75.0
MC0903,107.0,17.9,111.6,5905000.0,41.7,74.0
MC0904,105.0,17.7,105.8,5355000.0,40.4,76.0
MC0905,106.0,17.4,101.5,6151000.0,42.9,80.0
MC0906,728.0,125.5,213.6,49588000.0,17.6,184.0
MC0907,324.0,46.7,154.9,16858000.0,29.4,125.0
MC0908,394.0,52.8,171.4,18986000.0,27.2,134.0
MC0909,112.0,17.8,105.6,5837000.0,42.5,77.0
MC0910,876.0,151.7,220.8,56853000.0,15.4,192.0
MC0911,254.0,35.9,148.3,14781000.0,29.5,123.0
MC0912,119.0,19.2,102.3,5834000.0,43.0,76.0
MC0913,525.0,96.4,185.2,46316000.0,16.7,171.0
MC0914,399.0,50.6,170.4,19611000.0,27.0,130.0
MC0915,359.0,45.0,158.2,17814000.0,27.8,127.0
MC0916,273.0,39.9,148.1,16027000.0,28.1,122.0
MC0917,737.0,97.4,293.7,52202000.0,16.3,153.0
MC0918,679.0,116.2,193.4,48674000.0,16.6,182.0
MC0919,90.0,17.4,107.7,5124000.0,44.1,72.0
MC0920,90.0,17.1,102.1,5311000.0,43.8,73.0
MC0921,284.0,39.6,156.3,15770000.0,28.5,125.0
MC0922,309.0,40.8,163.0,15386000.0,27.8,126.0
MC0923,793.0,103.7,307.1,53752000.0,16.1,165.0
MC0924,106.0,18.2,107.6,5491000.0,45.5,79.0
MC0925,121.0,19.5,107.2,5959000.0,43.5,81.0
MC0926,275.0,38.9,153.6,14145000.0,31.9,126.0
MC0927,954.0,120.7,319.8,58299000.0,14.4,165.0
MC0928,129.0,18.7,107.9,6413000.0,42.7,77.0
MC0929,372.0,46.9,161.0,18112000.0,27.0,132.0
MC0930,110.0,17.1,106.8,5341000.0,43.6,80.0
MC0931,429.0,77.2,181.1,38139000.0,18.3,168.0
MC0932,951.0,122.9,328.2,59785000.0,11.9,166.0
MC0933,770.0,100.2,295.8,56073000.0,11.7,157.0
MC0934,111.0,18.1,104.4,5613000.0,42.6,79.0
MC0935,271.0,37.0,148.7,16499000.0,30.0,119.0
MC0936,114.0,19.2,110.0,5635000.0,42.1,77.0
MC0937,131.0,20.1,106.2,6032000.0,42.1,76.0
MC0938,949.0,119.0,320.2,56159000.0,13.4,164.0
MC0939,678.0,115.2,199.8,46184000.0,13.9,178.0
MC0940,200.0,31.8,140.1,15078000.0,31.7,124.0
MC0941,582.0,103.3,186.4,38919000.0,16.9,177.0
MC0942,108.0,17.6,100.3,6006000.0,41.5,76.0
MC0943,90.0,18.1,101.9,5679000.0,43.3,78.0
MC0944,500.0,69.5,260.4,49636000.0,17.5,147.0
MC0945,556.0,96.4,191.7,40330000.0,17.0,174.0
MC0946,126.0,20.0,109.2,6488000.0,41.2,80.0
MC0947,438.0,76.6,185.4,37239000.0,19.5,167.0
MC0948,999.0,127.4,331.2,63371000.0,12.1,160.0
MC0949,115.0,18.7,107.8,5741000.0,42.2,76.0
MC0950,285.0,39.9,153.4,16546000.0,30.5,119.0
MC0951,857.0,146.6,216.4,52366000.0,13.7,185.0
MC0952,245.0,36.7,155.9,14229000.0,30.6,127.0
MC0953,100.0,17.1,107.0,5363000.0,44.5,73.0
MC0954,703.0,92.0,293.8,52120000.0,13.5,152.0
MC0955,663.0,114.6,195.9,46983000.0,15.1,178.0
MC0956,105.0,16.8,104.7,5669000.0,43.1,79.0
MC0957,544.0,92.7,177.9,40782000.0,15.7,175.0
MC0958,90.0,16.2,99.8,5837000.0,43.0,68.0
MC0959,650.0,112.6,206.8,48319000.0,14.2,176.0
MC0960,340.0,43.2,155.4,17156000.0,30.3,129.0
MC0961,808.0,137.0,209.5,49718000.0,12.0,192.0
MC0962,112.0,18.8,107.4,5335000.0,41.6,76.0
MC0963,246.0,36.0,153.7,14204000.0,30.8,126.0
MC0964,839.0,143.6,210.7,51861000.0,15.0,179.0
MC0965,755.0,99.4,305.0,52482000.0,14.6,152.0
MC0966,90.0,14.8,103.6,5212000.0,42.5,77.0
MC0967,1107.0,142.4,339.4,66122000.0,13.1,174.0
MC0968,1121.0,143.3,343.5,65822000.0,11.5,175.0
MC0969,900.0,151.2,213.4,55204000.0,14.4,192.0
MC0970,276.0,37.7,152.3,15387000.0,31.6,121.0
MC0971,108.0,18.0,110.1,5880000.0,41.8,75.0
MC0972,102.0,17.4,107.8,5354000.0,46.3,76.0
MC0973,273.0,36.3,159.7,16331000.0,30.5,120.0
MC0974,458.0,79.8,190.0,41446000.0,18.8,175.0
MC0975,608.0,107.9,196.3,46000000.0,14.7,166.0
MC0976,282.0,38.2,159.1,15496000.0,30.6,129.0
MC0977,349.0,49.0,154.0,18030000.0,29.1,128.0
MC0978,229.0,32.4,147.5,13523000.0,31.2,122.0
MC0979,683.0,116.3,194.3,44400000.0,16.5,179.0
MC0980,347.0,47.5,161.0,17608000.0,28.7,126.0
MC0981,360.0,48.8,164.2,17185000.0,28.0,128.0
MC0982,355.0,50.2,163.5,17096000.0,28.3,125.0
MC0983,362.0,45.8,163.2,17999000.0,27.8,124.0
MC0984,1043.0,134.5,336.6,67315000.0,12.3,171.0
MC0985,727.0,95.1,294.7,51333000.0,14.1,154.0
MC0986,274.0,36.2,156.9,15474000.0,30.2,121.0
MC0987,847.0,142.1,215.1,55710000.0,13.8,185.0
MC0988,96.0,15.8,105.4,5328000.0,44.4,76.0
MC0989,516.0,92.4,189.5,35247000.0,18.2,171.0
MC0990,251.0,39.7,151.3,15644000.0,28.7,129.0
MC0991,675.0,90.4,292.1,49653000.0,13.8,152.0
MC0992,339.0,45.4,162.9,16038000.0,28.9,130.0
MC0993,344.0,43.9,159.7,16293000.0,28.2,128.0
MC0994,762.0,98.2,302.5,54635000.0,17.2,155.0
MC0995,94.0,17.0,101.1,5293000.0,43.3,75.0
MC0996,615.0,105.8,192.3,43814000.0,14.5,173.0
MC0997,922.0,119.2,325.8,54850000.0,12.9,164.0
MC0998,824.0,105.7,309.6,58167000.0,13.9,163.0
MC0999,180.0,28.8,146.1,13725000.0,30.2,115.0
MC1000,1030.0,131.8,335.3,66547000.0,12.6,164.0
MC1001,268.0,37.1,155.8,15135000.0,29.6,123.0
MC1002,858.0,146.0,208.8,52804000.0,15.5,192.0
MC1003,90.0,15.4,103.8,5673000.0,42.4,77.0
MC1004,278.0,37.1,158.3,16409000.0,30.5,118.0
MC1005,115.0,18.3,106.2,5531000.0,43.2,76.0
MC1006,90.0,16.9,104.2,5089000.0,42.3,71.0
MC1007,789.0,99.8,313.8,53455000.0,14.6,159.0
MC1008,602.0,78.3,268.8,46503000.0,15.4,159.0
MC1009,605.0,104.3,202.3,42483000.0,14.1,175.0
MC1010,276.0,39.7,156.9,15659000.0,29.6,119.0
MC1011,243.0,33.9,155.3,13455000.0,32.7,123.0
MC1012,643.0,112.0,201.3,45437000.0,15.2,182.0
MC1013,324.0,43.9,160.3,15359000.0,30.3,127.0
MC1014,446.0,59.7,172.6,19469000.0,27.2,132.0
MC1015,647.0,109.2,194.9,48558000.0,16.7,180.0
MC1016,846.0,110.9,319.4,60145000.0,13.2,151.0
MC1017,670.0,85.7,293.0,49095000.0,14.5,156.0
MC1018,1000.0,130.8,330.1,63456000.0,11.7,168.0
MC1019,666.0,114.3,193.5,47441000.0,14.7,181.0
MC1020,821.0,105.9,317.2,58275000.0,12.0,158.0
MC1021,254.0,36.7,158.7,15974000.0,30.3,124.0
MC1022,360.0,51.0,165.6,17668000.0,28.2,127.0
MC1023,850.0,109.7,309.6,57596000.0,12.2,161.0
MC1024,622.0,107.1,198.5,46067000.0,15.2,177.0
MC1025,757.0,97.9,304.4,59612000.0,12.0,163.0
MC1026,90.0,12.8,99.4,5444000.0,43.6,77.0
MC1027,595.0,102.7,187.4,42473000.0,16.7,182.0
MC1028,97.0,17.9,101.5,5621000.0,43.3,77.0
MC1029,90.0,14.4,104.0,5146000.0,44.2,73.0
MC1030,400.0,72.3,177.7,36041000.0,17.6,162.0
MC1031,321.0,42.7,162.9,16590000.0,30.4,120.0
MC1032,119.0,20.3,105.1,6187000.0,42.9,78.0
MC1033,929.0,119.9,328.3,60131000.0,13.0,163.0
MC1034,249.0,36.0,156.0,16896000.0,29.8,124.0
MC1035,241.0,33.5,147.1,14699000.0,29.3,119.0
MC1036,675.0,91.6,294.7,48266000.0,13.9,151.0
MC1037,90.0,15.5,101.3,5365000.0,43.8,77.0
MC1038,613.0,104.5,190.1,42751000.0,16.9,172.0
MC1039,303.0,39.3,168.6,16696000.0,30.3,120.0
MC1040,519.0,93.5,195.1,40413000.0,14.6,170.0
MC1041,391.0,52.5,166.0,17924000.0,27.3,127.0
MC1042,296.0,38.3,160.6,15685000.0,29.6,124.0
MC1043,755.0,95.7,293.6,51086000.0,13.7,154.0
MC1044,90.0,14.5,97.1,5355000.0,43.4,76.0
MC1045,251.0,38.3,151.6,15199000.0,29.2,127.0
MC1046,362.0,43.5,162.3,18024000.0,28.5,122.0
MC1047,377.0,49.6,171.8,16823000.0,28.7,126.0
MC1048,120.0,17.3,105.2,6151000.0,42.8,76.0
MC1049,561.0,97.3,183.1,38771000.0,16.2,172.0
MC1050,771.0,102.9,310.1,54205000.0,15.3,159.0
MC1051,255.0,35.8,159.2,14740000.0,30.5,124.0
MC1052,91.0,14.9,98.7,5309000.0,43.7,74.0
MC1053,878.0,149.8,213.5,55175000.0,12.1,189.0
MC1054,91.0,18.5,106.0,5024000.0,43.4,77.0
MC1055,113.0,18.4,108.7,5867000.0,43.1,77.0
MC1056,101.0,17.9,105.7,5370000.0,41.4,76.0
MC1057,400.0,72.1,179.9,38399000.0,18.1,167.0
MC1058,97.0,16.6,105.4,5299000.0,44.9,79.0
MC1059,887.0,115.8,309.2,61079000.0,12.4,163.0
MC1060,996.0,128.6,330.3,58209000.0,12.1,162.0
MC1061,400.0,74.2,181.1,36435000.0,18.7,165.0
MC1062,684.0,116.9,204.3,46342000.0,14.8,181.0
MC1063,763.0,97.4,300.5,50383000.0,13.9,159.0
MC1064,288.0,41.1,155.7,15731000.0,29.6,128.0
MC1065,830.0,106.9,304.9,56025000.0,13.7,163.0
MC1066,90.0,17.3,101.8,5536000.0,43.3,79.0
MC1067,108.0,15.6,108.3,5741000.0,43.2,76.0
MC1068,883.0,111.6,315.0,60676000.0,13.3,164.0
MC1069,796.0,136.5,207.7,50044000.0,12.3,191.0
MC1070,341.0,43.4,157.3,16565000.0,28.6,129.0
MC1071,90.0,15.9,108.9,5658000.0,42.6,73.0
MC1072,728.0,99.3,293.3,52446000.0,15.7,154.0
MC1073,657.0,87.0,285.6,53296000.0,15.6,155.0
MC1074,287.0,38.6,148.0,16311000.0,31.0,119.0
MC1075,672.0,117.5,205.1,45089000.0,16.7,181.0
MC1076,646.0,110.5,195.7,45642000.0,15.9,179.0
MC1077,822.0,108.4,308.5,56151000.0,14.1,156.0
MC1078,899.0,152.7,208.3,56806000.0,10.0,187.0
MC1079,90.0,16.5,103.6,5525000.0,42.5,73.0
MC1080,400.0,50.6,175.7,17681000.0,28.1,131.0
MC1081,90.0,15.1,98.4,5866000.0,42.5,77.0
MC1082,327.0,44.9,159.7,17979000.0,27.2,126.0
MC1083,100.0,16.4,102.7,5634000.0,41.5,76.0
MC1084,612.0,103.9,194.5,45977000.0,15.9,173.0
MC1085,105.0,16.2,111.6,5228000.0,43.2,72.0
MC1086,102.0,18.3,102.5,5591000.0,43.7,77.0
MC1087,314.0,40.3,161.5,15635000.0,29.4,128.0
MC1088,304.0,42.1,149.3,15606000.0,29.0,122.0
MC1089,314.0,40.8,162.0,16369000.0,28.9,130.0
MC1090,388.0,51.5,175.2,18078000.0,28.3,132.0
MC1091,106.0,16.4,107.2,5501000.0,41.8,79.0
MC1092,670.0,89.2,296.9,50005000.0,15.0,153.0
MC1093,647.0,87.1,289.1,52853000.0,14.7,156.0
MC1094,90.0,17.4,99.2,5513000.0,43.8,79.0
MC1095,765.0,98.0,304.7,54763000.0,14.8,153.0
MC1096,839.0,108.3,312.0,58748000.0,14.5,158.0
MC1097,230.0,34.5,144.5,14594000.0,33.4,121.0
MC1098,337.0,43.9,160.1,17211000.0,29.4,132.0
MC1099,317.0,43.8,157.4,17339000.0,27.5,126.0
MC1100,129.0,21.9,106.3,5803000.0,41.8,74.0
MC1101,319.0,43.7,163.0,16918000.0,29.1,125.0
MC1102,360.0,46.7,157.7,17360000.0,28.0,129.0
MC1103,547.0,74.4,276.7,48835000.0,15.1,147.0
MC1104,666.0,117.9,200.5,45641000.0,14.2,181.0
MC1105,105.0,16.9,104.2,6280000.0,41.9,79.0
MC1106,90.0,17.5,102.8,5215000.0,42.7,78.0
MC1107,92.0,16.9,99.7,5706000.0,43.0,73.0
MC1108,90.0,15.7,106.2,5280000.0,44.2,75.0
MC1109,911.0,119.7,318.4,57637000.0,13.5,164.0
MC1110,90.0,15.4,104.3,5318000.0,43.4,76.0
MC1111,113.0,18.3,102.5,6024000.0,41.1,76.0
MC1112,332.0,47.6,156.5,17267000.0,29.0,133.0
MC1113,280.0,36.8,157.7,14734000.0,30.3,129.0
MC1114,650.0,86.7,283.9,47556000.0,13.8,153.0
MC1115,90.0,14.2,95.8,5610000.0,42.0,79.0
MC1116,613.0,105.7,198.7,44167000.0,16.1,178.0
MC1117,289.0,38.8,157.7,15560000.0,28.0,122.0
MC1118,295.0,41.1,161.5,16206000.0,29.0,125.0
MC1119,260.0,37.4,151.3,15434000.0,29.3,121.0
MC1120,775.0,131.4,216.2,50004000.0,15.1,179.0
MC1121,321.0,43.5,151.1,16874000.0,28.0,127.0
MC1122,93.0,16.3,104.9,5356000.0,42.4,78.0
MC1123,284.0,38.1,141.6,16099000.0,29.1,123.0
MC1124,668.0,114.9,204.9,43206000.0,14.9,174.0
MC1125,908.0,119.5,320.1,58972000.0,11.1,163.0
MC1126,180.0,28.3,147.3,11883000.0,31.5,118.0
MC1127,125.0,19.5,109.3,5580000.0,42.7,77.0
MC1128,90.0,14.3,107.1,5884000.0,44.8,75.0
MC1129,669.0,115.3,197.7,46861000.0,15.7,186.0
MC1130,90.0,13.4,100.3,4690000.0,42.1,72.0
MC1131,90.0,15.2,100.6,5041000.0,44.5,79.0
MC1132,300.0,42.6,159.1,16360000.0,28.4,127.0
MC1133,311.0,41.5,152.7,16080000.0,28.7,129.0
MC1134,276.0,38.7,152.3,16719000.0,28.7,120.0
MC1135,778.0,131.1,209.2,45006000.0,12.8,187.0
MC1136,332.0,42.9,152.7,17426000.0,28.7,129.0
MC1137,103.0,13.9,102.3,5446000.0,41.9,72.0
MC1138,90.0,15.5,101.0,5487000.0,41.4,77.0
MC1139,330.0,43.9,160.1,17441000.0,27.3,133.0
MC1140,437.0,75.6,176.9,35185000.0,17.1,172.0
MC1141,145.0,21.6,117.0,5982000.0,42.3,78.0
MC1142,90.0,15.1,103.5,5347000.0,43.6,77.0
MC1143,103.0,15.4,103.5,5522000.0,43.2,75.0
MC1144,268.0,38.2,152.8,15174000.0,29.8,124.0
MC1145,987.0,124.3,322.6,59938000.0,12.6,165.0
MC1146,909.0,115.5,315.9,57411000.0,12.0,167.0
MC1147,642.0,108.2,195.5,46451000.0,14.4,183.0
MC1148,946.0,125.4,321.6,60606000.0,10.6,160.0
MC1149,111.0,16.8,103.4,5957000.0,41.8,74.0
MC1150,859.0,146.2,213.1,54202000.0,14.3,187.0
MC1151,558.0,100.3,194.9,44507000.0,17.0,178.0
MC1152,710.0,93.4,304.3,51211000.0,15.3,152.0
MC1153,905.0,117.8,317.6,56884000.0,12.5,170.0
MC1154,275.0,37.9,163.4,14728000.0,29.2,121.0
MC1155,301.0,39.0,153.5,15217000.0,29.1,129.0
MC1156,992.0,170.0,224.8,55716000.0,10.6,195.0
MC1157,379.0,49.9,160.4,17731000.0,28.6,132.0
MC1158,577.0,97.3,192.4,42675000.0,18.3,176.0
MC1159,100.0,19.6,106.1,5760000.0,43.3,78.0
MC1160,463.0,83.2,186.5,37922000.0,18.0,171.0
MC1161,857.0,144.1,203.9,52316000.0,11.7,186.0
MC1162,118.0,20.4,110.6,5947000.0,43.2,75.0
MC1163,838.0,142.3,205.6,48490000.0,16.0,183.0
MC1164,366.0,49.2,158.6,19330000.0,28.5,133.0
MC1165,861.0,113.2,315.6,56666000.0,13.6,156.0
MC1166,282.0,38.5,149.9,15440000.0,30.0,120.0
MC1167,90.0,17.8,106.2,5843000.0,41.2,76.0
MC1168,726.0,126.3,200.9,49712000.0,13.7,187.0
MC1169,746.0,97.3,299.2,50853000.0,14.8,149.0
MC1170,672.0,85.8,295.6,50282000.0,15.4,153.0
MC1171,350.0,42.8,159.1,17249000.0,29.7,131.0
MC1172,961.0,161.2,209.9,52186000.0,12.2,197.0
MC1173,304.0,38.0,165.6,15948000.0,28.8,121.0
MC1174,120.0,17.8,105.1,5848000.0,42.9,76.0
MC1175,127.0,21.4,108.3,5962000.0,42.3,78.0
MC1176,110.0,18.2,105.3,5462000.0,43.3,79.0
MC1177,598.0,103.8,192.4,44502000.0,18.1,181.0
MC1178,667.0,91.5,291.6,53324000.0,14.2,158.0
MC1179,669.0,115.1,203.3,46592000.0,17.4,175.0
MC1180,124.0,17.7,108.5,5933000.0,42.8,76.0
MC1181,958.0,124.4,318.9,59534000.0,14.5,166.0
MC1182,818.0,105.8,307.6,58804000.0,12.3,162.0
MC1183,946.0,120.7,324.6,61722000.0,13.6,161.0
MC1184,97.0,16.7,111.2,5528000.0,42.4,75.0
MC1185,400.0,69.2,187.5,36859000.0,18.4,170.0
MC1186,1181.0,149.2,355.3,68225000.0,10.0,163.0
MC1187,732.0,124.9,201.2,52552000.0,16.3,184.0
MC1188,350.0,47.2,158.6,16126000.0,30.1,122.0
MC1189,636.0,84.2,283.1,50039000.0,14.0,154.0
MC1190,829.0,141.5,204.1,51944000.0,14.7,182.0
MC1191,674.0,113.7,190.9,45925000.0,14.4,174.0
MC1192,248.0,38.6,153.9,14531000.0,30.6,118.0
MC1193,334.0,45.5,166.2,16259000.0,29.7,128.0
MC1194,90.0,15.0,100.8,5732000.0,43.0,77.0
MC1195,227.0,33.8,151.7,14648000.0,32.2,119.0
MC1196,787.0,132.0,205.1,49092000.0,14.4,184.0
MC1197,94.0,15.6,108.2,5724000.0,43.3,80.0
MC1198,392.0,50.4,167.0,17307000.0,27.7,123.0
MC1199,365.0,50.2,165.5,18357000.0,30.4,132.0
MC1200,97.0,18.5,103.6,5404000.0,42.4,75.0
