motorcycle_id,engine_displacement_cc,price_cop
M001,725,30117000
M002,135,4582000
M003,403,16553000
M004,135,5349000
M005,662,32182000
M006,158,5214000
M007,346,12866000
M008,933,42028000
M009,138,4485000
M010,164,5333000
M011,166,5576000
M012,953,42634000
M013,363,16379000
M014,974,43866000
M015,962,42660000
M016,953,40168000
M017,121,4627000
M018,759,32794000
M019,778,37244000
M020,425,16586000
M021,250,11157000
M022,735,38391000
M023,1048,43957000
M024,389,13506000
M025,945,43700000
M026,162,5765000
M027,266,11493000
M028,138,4787000
M029,1109,50322000
M030,152,4940000
M031,297,12747000
M032,187,6212000
M033,124,5255000
M034,985,43066000
M035,159,5317000
M036,460,16723000
M037,1073,48267000
M038,127,4639000
M039,842,35941000
M040,942,43539000
M041,947,46199000
M042,461,18607000
M043,395,14678000
M044,143,4662000
M045,678,31102000
M046,994,42403000
M047,336,15390000
M048,188,5037000
M049,1018,46099000
M050,144,4631000
M051,353,13386000
M052,359,12313000
M053,1041,45849000
M054,752,32186000
M055,395,14334000
M056,1042,46983000
M057,393,15718000
M058,1135,51174000
M059,144,5241000
M060,686,33735000
M061,347,14756000
M062,456,17047000
M063,941,43172000
M064,677,38049000
M065,1179,51704000
M066,144,5538000
M067,295,12336000
M068,1046,44711000
M069,428,16520000
M070,771,33083000
M071,331,12203000
M072,391,14503000
M073,196,6487000
M074,362,13183000
M075,107,4741000
M076,611,30515000
M077,102,4955000
M078,136,4334000
M079,169,5606000
M080,375,14570000
M081,115,4965000
M082,380,14617000
M083,340,13198000
M084,380,13388000
M085,189,6138000
M086,357,13104000
M087,156,5156000
M088,114,4592000
M089,136,5178000
M090,346,13671000
M091,153,5682000
M092,420,15998000
M093,373,14808000
M094,395,14877000
M095,380,14567000
M096,138,5028000
M097,150,5216000
M098,125,5000000
M099,1236,50918000
M100,147,4710000
